<metadata xml:lang="en"><Esri><CreaDate>20220712</CreaDate><CreaTime>14004200</CreaTime><SyncOnce>FALSE</SyncOnce><SyncDate>20220722</SyncDate><SyncTime>10323100</SyncTime><ModDate>20220722</ModDate><ModTime>10323100</ModTime><DataProperties><itemProps><itemName Sync="TRUE">EA4105_July2022_MobileZones_PeaceRiver</itemName><imsContentType Sync="TRUE">002</imsContentType><itemLocation><linkage Sync="TRUE">file://\\JN-DESKTOP\D$\EA4105_SiteCMobileTracking\InputData\20220711_Edit_MobileZones\EA4105_July2022_MobileZones_PeaceRiver.shp</linkage><protocol Sync="TRUE">Local Area Network</protocol></itemLocation><itemSize Sync="TRUE">0.000</itemSize></itemProps><coordRef><type Sync="TRUE">Projected</type><geogcsn Sync="TRUE">GCS_North_American_1983</geogcsn><csUnits Sync="TRUE">Linear Unit: Meter (1.000000)</csUnits><projcsn Sync="TRUE">NAD_1983_BC_Environment_Albers</projcsn><peXml Sync="TRUE">&lt;ProjectedCoordinateSystem xsi:type='typens:ProjectedCoordinateSystem' xmlns:xsi='http://www.w3.org/2001/XMLSchema-instance' xmlns:xs='http://www.w3.org/2001/XMLSchema' xmlns:typens='http://www.esri.com/schemas/ArcGIS/3.0.0'&gt;&lt;WKT&gt;PROJCS[&amp;quot;NAD_1983_BC_Environment_Albers&amp;quot;,GEOGCS[&amp;quot;GCS_North_American_1983&amp;quot;,DATUM[&amp;quot;D_North_American_1983&amp;quot;,SPHEROID[&amp;quot;GRS_1980&amp;quot;,6378137.0,298.257222101]],PRIMEM[&amp;quot;Greenwich&amp;quot;,0.0],UNIT[&amp;quot;Degree&amp;quot;,0.0174532925199433]],PROJECTION[&amp;quot;Albers&amp;quot;],PARAMETER[&amp;quot;False_Easting&amp;quot;,1000000.0],PARAMETER[&amp;quot;False_Northing&amp;quot;,0.0],PARAMETER[&amp;quot;Central_Meridian&amp;quot;,-126.0],PARAMETER[&amp;quot;Standard_Parallel_1&amp;quot;,50.0],PARAMETER[&amp;quot;Standard_Parallel_2&amp;quot;,58.5],PARAMETER[&amp;quot;Latitude_Of_Origin&amp;quot;,45.0],UNIT[&amp;quot;Meter&amp;quot;,1.0],AUTHORITY[&amp;quot;EPSG&amp;quot;,3005]]&lt;/WKT&gt;&lt;XOrigin&gt;-13239300&lt;/XOrigin&gt;&lt;YOrigin&gt;-8610100&lt;/YOrigin&gt;&lt;XYScale&gt;316279566.22660488&lt;/XYScale&gt;&lt;ZOrigin&gt;-100000&lt;/ZOrigin&gt;&lt;ZScale&gt;10000&lt;/ZScale&gt;&lt;MOrigin&gt;-100000&lt;/MOrigin&gt;&lt;MScale&gt;10000&lt;/MScale&gt;&lt;XYTolerance&gt;0.001&lt;/XYTolerance&gt;&lt;ZTolerance&gt;0.001&lt;/ZTolerance&gt;&lt;MTolerance&gt;0.001&lt;/MTolerance&gt;&lt;HighPrecision&gt;true&lt;/HighPrecision&gt;&lt;WKID&gt;102190&lt;/WKID&gt;&lt;LatestWKID&gt;3005&lt;/LatestWKID&gt;&lt;/ProjectedCoordinateSystem&gt;</peXml></coordRef><lineage><Process ToolSource="E:\sw_nt\arcgis\Desktop10.0\ArcToolbox\Toolboxes\Data Management Tools.tbx\CopyFeatures" Date="20120418" Time="133327">CopyFeatures "Database Connections\BCGW.sde\WHSE_BASEMAPPING.FWA_NAMED_WATERSHEDS_POLY" W:\ilmb\vic\geobc\FWA\Operational_Data\FWA_BC.gdb\FWA_NAMED_WATERSHEDS_POLY # 0 0 0</Process><Process ToolSource="e:\sw_nt\arcgis\desktop10.2\ArcToolbox\Toolboxes\Data Management Tools.tbx\DeleteFeatures" Date="20151008" Time="133430">DeleteFeatures FWA_NAMED_WATERSHEDS_POLY</Process><Process ToolSource="e:\sw_nt\arcgis\desktop10.2\ArcToolbox\Toolboxes\Data Management Tools.tbx\Append" Date="20151008" Time="133501">Append NAMED_WATERSHEDS_POLY FWA_NAMED_WATERSHEDS_POLY NO_TEST "NAMED_WATERSHED_ID "NAMED_WATERSHED_ID" true false false 8 Double 0 0 ,First,#,NAMED_WATERSHEDS_POLY,NAMED_WATERSHED_ID,-1,-1;GNIS_ID "GNIS_ID" true false false 4 Long 0 0 ,First,#,NAMED_WATERSHEDS_POLY,GNIS_ID,-1,-1;GNIS_NAME "GNIS_NAME" true false false 80 Text 0 0 ,First,#,NAMED_WATERSHEDS_POLY,GNIS_NAME,-1,-1;BLUE_LINE_KEY "BLUE_LINE_KEY" true false false 4 Long 0 0 ,First,#,NAMED_WATERSHEDS_POLY,BLUE_LINE_KEY,-1,-1;WATERSHED_KEY "WATERSHED_KEY" true false false 4 Long 0 0 ,First,#,NAMED_WATERSHEDS_POLY,WATERSHED_KEY,-1,-1;FWA_WATERSHED_CODE "FWA_WATERSHED_CODE" true false false 143 Text 0 0 ,First,#,NAMED_WATERSHEDS_POLY,FWA_WATERSHED_CODE,-1,-1;STREAM_ORDER "STREAM_ORDER" true false false 4 Long 0 0 ,First,#,NAMED_WATERSHEDS_POLY,STREAM_ORDER,-1,-1;STREAM_MAGNITUDE "STREAM_MAGNITUDE" true false false 4 Long 0 0 ,First,#,NAMED_WATERSHEDS_POLY,STREAM_MAGNITUDE,-1,-1;AREA_HA "AREA_HA" true false false 8 Double 0 0 ,First,#,NAMED_WATERSHEDS_POLY,AREA_HA,-1,-1;FEATURE_CODE "FEATURE_CODE" true false false 10 Text 0 0 ,First,#,NAMED_WATERSHEDS_POLY,FEATURE_CODE,-1,-1;GEOMETRY_Length "GEOMETRY_Length" false true true 8 Double 0 0 ,First,#,NAMED_WATERSHEDS_POLY,GEOMETRY_Length,-1,-1;GEOMETRY_Area "GEOMETRY_Area" false true true 8 Double 0 0 ,First,#,NAMED_WATERSHEDS_POLY,GEOMETRY_Area,-1,-1" #</Process><Process ToolSource="e:\sw_nt\arcgis\desktop10.2\ArcToolbox\Toolboxes\Data Management Tools.tbx\DeleteFeatures" Date="20151124" Time="161008">DeleteFeatures FWA_NAMED_WATERSHEDS_POLY</Process><Process ToolSource="e:\sw_nt\arcgis\desktop10.2\ArcToolbox\Toolboxes\Data Management Tools.tbx\Append" Date="20151124" Time="161037">Append Named_Watersheds FWA_NAMED_WATERSHEDS_POLY NO_TEST "NAMED_WATERSHED_ID "NAMED_WATERSHED_ID" true false false 8 Double 0 0 ,First,#;GNIS_ID "GNIS_ID" true false false 4 Long 0 0 ,First,#;GNIS_NAME "GNIS_NAME" true false false 80 Text 0 0 ,First,#;BLUE_LINE_KEY "BLUE_LINE_KEY" true false false 4 Long 0 0 ,First,#;WATERSHED_KEY "WATERSHED_KEY" true false false 4 Long 0 0 ,First,#;FWA_WATERSHED_CODE "FWA_WATERSHED_CODE" true false false 143 Text 0 0 ,First,#;STREAM_ORDER "STREAM_ORDER" true false false 4 Long 0 0 ,First,#;STREAM_MAGNITUDE "STREAM_MAGNITUDE" true false false 4 Long 0 0 ,First,#;AREA_HA "AREA_HA" true false false 8 Double 0 0 ,First,#;FEATURE_CODE "FEATURE_CODE" true false false 10 Text 0 0 ,First,#;GEOMETRY_Length "GEOMETRY_Length" false true true 8 Double 0 0 ,First,#,Named_Watersheds,GEOMETRY_Length,-1,-1;GEOMETRY_Area "GEOMETRY_Area" false true true 8 Double 0 0 ,First,#,Named_Watersheds,GEOMETRY_Area,-1,-1" #</Process><Process ToolSource="e:\sw_nt\arcgis\desktop10.2\ArcToolbox\Toolboxes\Data Management Tools.tbx\Append" Date="20160315" Time="145421">Append WILL FWA_NAMED_WATERSHEDS_POLY NO_TEST "NAMED_WATERSHED_ID "NAMED_WATERSHED_ID" true false false 8 Double 0 0 ,First,#;GNIS_ID "GNIS_ID" true false false 4 Long 0 0 ,First,#,WILL,GNIS_ID_1,-1,-1;GNIS_NAME "GNIS_NAME" true false false 80 Text 0 0 ,First,#,WILL,GNIS_NAME_1,-1,-1;BLUE_LINE_KEY "BLUE_LINE_KEY" true false false 4 Long 0 0 ,First,#,WILL,WATERSHED_KEY,-1,-1;WATERSHED_KEY "WATERSHED_KEY" true false false 4 Long 0 0 ,First,#,WILL,WATERSHED_KEY,-1,-1;FWA_WATERSHED_CODE "FWA_WATERSHED_CODE" true false false 143 Text 0 0 ,First,#,WILL,FWA_WATERSHED_CODE,-1,-1;STREAM_ORDER "STREAM_ORDER" true false false 4 Long 0 0 ,First,#;STREAM_MAGNITUDE "STREAM_MAGNITUDE" true false false 4 Long 0 0 ,First,#;AREA_HA "AREA_HA" true false false 8 Double 0 0 ,First,#,WILL,AREA_HA,-1,-1;FEATURE_CODE "FEATURE_CODE" true false false 10 Text 0 0 ,First,#,WILL,FEATURE_CODE,-1,-1;GEOMETRY_Length "GEOMETRY_Length" false true true 8 Double 0 0 ,First,#,WILL,GEOMETRY_Length,-1,-1;GEOMETRY_Area "GEOMETRY_Area" false true true 8 Double 0 0 ,First,#,WILL,GEOMETRY_Area,-1,-1" #</Process><Process ToolSource="c:\program files\arcgis\pro\Resources\ArcToolbox\toolboxes\Conversion Tools.tbx\FeatureClassToFeatureClass" Date="20200603" Time="092410">FeatureClassToFeatureClass FWA_NAMED_WATERSHEDS_POLY D:\EA4105_Moberly\InputData\20200602_MobileZones\_EA4105_MobileZones.gdb EA4105_MobilesZones_PeaceRiver # "NAMED_WATERSHED_ID "NAMED_WATERSHED_ID" true true false 8 Double 0 0,First,#,FWA_NAMED_WATERSHEDS_POLY,NAMED_WATERSHED_ID,-1,-1;GNIS_ID "GNIS_ID" true true false 4 Long 0 0,First,#,FWA_NAMED_WATERSHEDS_POLY,GNIS_ID,-1,-1;GNIS_NAME "GNIS_NAME" true true false 80 Text 0 0,First,#,FWA_NAMED_WATERSHEDS_POLY,GNIS_NAME,0,80;BLUE_LINE_KEY "BLUE_LINE_KEY" true true false 4 Long 0 0,First,#,FWA_NAMED_WATERSHEDS_POLY,BLUE_LINE_KEY,-1,-1;WATERSHED_KEY "WATERSHED_KEY" true true false 4 Long 0 0,First,#,FWA_NAMED_WATERSHEDS_POLY,WATERSHED_KEY,-1,-1;FWA_WATERSHED_CODE "FWA_WATERSHED_CODE" true true false 143 Text 0 0,First,#,FWA_NAMED_WATERSHEDS_POLY,FWA_WATERSHED_CODE,0,143;STREAM_ORDER "STREAM_ORDER" true true false 4 Long 0 0,First,#,FWA_NAMED_WATERSHEDS_POLY,STREAM_ORDER,-1,-1;STREAM_MAGNITUDE "STREAM_MAGNITUDE" true true false 4 Long 0 0,First,#,FWA_NAMED_WATERSHEDS_POLY,STREAM_MAGNITUDE,-1,-1;AREA_HA "AREA_HA" true true false 8 Double 0 0,First,#,FWA_NAMED_WATERSHEDS_POLY,AREA_HA,-1,-1;FEATURE_CODE "FEATURE_CODE" true true false 10 Text 0 0,First,#,FWA_NAMED_WATERSHEDS_POLY,FEATURE_CODE,0,10;GEOMETRY_Length "GEOMETRY_Length" false true true 8 Double 0 0,First,#,FWA_NAMED_WATERSHEDS_POLY,GEOMETRY_Length,-1,-1;GEOMETRY_Area "GEOMETRY_Area" false true true 8 Double 0 0,First,#,FWA_NAMED_WATERSHEDS_POLY,GEOMETRY_Area,-1,-1" #</Process><Process ToolSource="c:\program files\arcgis\pro\Resources\ArcToolbox\toolboxes\Data Management Tools.tbx\UpdateSchema" Date="20200603" Time="122708">UpdateSchema "CIMDATA=&lt;CIMStandardDataConnection xsi:type='typens:CIMStandardDataConnection' xmlns:xsi='http://www.w3.org/2001/XMLSchema-instance' xmlns:xs='http://www.w3.org/2001/XMLSchema' xmlns:typens='http://www.esri.com/schemas/ArcGIS/2.5.0'&gt;&lt;WorkspaceConnectionString&gt;DATABASE=D:\EA4105_Moberly\InputData\20200602_MobileZones\_EA4105_MobileZones.gdb&lt;/WorkspaceConnectionString&gt;&lt;WorkspaceFactory&gt;FileGDB&lt;/WorkspaceFactory&gt;&lt;Dataset&gt;EA4105_MobilesZones_PeaceRiver&lt;/Dataset&gt;&lt;DatasetType&gt;esriDTFeatureClass&lt;/DatasetType&gt;&lt;/CIMStandardDataConnection&gt;" &lt;operationSequence&gt;&lt;workflow&gt;&lt;AddField&gt;&lt;field_name&gt;MobileZone&lt;/field_name&gt;&lt;field_type&gt;LONG&lt;/field_type&gt;&lt;field_alias&gt;MobileZone&lt;/field_alias&gt;&lt;field_is_nullable&gt;True&lt;/field_is_nullable&gt;&lt;field_is_required&gt;False&lt;/field_is_required&gt;&lt;/AddField&gt;&lt;/workflow&gt;&lt;/operationSequence&gt;</Process><Process ToolSource="c:\program files\arcgis\pro\Resources\ArcToolbox\toolboxes\Data Management Tools.tbx\RemoveSpatialIndex" Date="20200603" Time="165612">RemoveSpatialIndex D:\EA4105_Moberly\InputData\20200602_MobileZones\_EA4105_MobileZones.gdb\EA4105_MobilesZones_PeaceRiver</Process><Process ToolSource="c:\program files\arcgis\pro\Resources\ArcToolbox\toolboxes\Data Management Tools.tbx\AddSpatialIndex" Date="20200603" Time="165618">AddSpatialIndex D:\EA4105_Moberly\InputData\20200602_MobileZones\_EA4105_MobileZones.gdb\EA4105_MobilesZones_PeaceRiver 0 0 0</Process><Process ToolSource="c:\program files\arcgis\pro\Resources\ArcToolbox\toolboxes\Data Management Tools.tbx\UpdateSchema" Date="20200604" Time="103244">UpdateSchema "CIMDATA=&lt;CIMStandardDataConnection xsi:type='typens:CIMStandardDataConnection' xmlns:xsi='http://www.w3.org/2001/XMLSchema-instance' xmlns:xs='http://www.w3.org/2001/XMLSchema' xmlns:typens='http://www.esri.com/schemas/ArcGIS/2.5.0'&gt;&lt;WorkspaceConnectionString&gt;DATABASE=D:\EA4105_Moberly\InputData\20200602_MobileZones\_EA4105_MobileZones.gdb&lt;/WorkspaceConnectionString&gt;&lt;WorkspaceFactory&gt;FileGDB&lt;/WorkspaceFactory&gt;&lt;Dataset&gt;EA4105_MobilesZones_PeaceRiver&lt;/Dataset&gt;&lt;DatasetType&gt;esriDTFeatureClass&lt;/DatasetType&gt;&lt;/CIMStandardDataConnection&gt;" &lt;operationSequence&gt;&lt;workflow&gt;&lt;AddField&gt;&lt;field_name&gt;MobileZoneName&lt;/field_name&gt;&lt;field_type&gt;TEXT&lt;/field_type&gt;&lt;field_length&gt;50&lt;/field_length&gt;&lt;field_alias&gt;MobileZoneName&lt;/field_alias&gt;&lt;field_is_nullable&gt;True&lt;/field_is_nullable&gt;&lt;field_is_required&gt;False&lt;/field_is_required&gt;&lt;/AddField&gt;&lt;/workflow&gt;&lt;/operationSequence&gt;</Process><Process ToolSource="c:\program files\arcgis\pro\Resources\ArcToolbox\toolboxes\Conversion Tools.tbx\FeatureClassToFeatureClass" Date="20201218" Time="123509">FeatureClassToFeatureClass "Mobile Zones" D:\EA4105_SiteCMobileTracking\GISData\EA4105_PeaceRiver.gdb EA4105_MobilesZones_PeaceRiver_Dec2020 # "Shape_Length "Shape_Length" false true true 8 Double 0 0,First,#,Mobile Zones,Shape_Length,-1,-1;Shape_Area "Shape_Area" false true true 8 Double 0 0,First,#,Mobile Zones,Shape_Area,-1,-1;MobileZone "MobileZone" true true false 4 Long 0 0,First,#,Mobile Zones,MobileZone,-1,-1;MobileZoneName "MobileZoneName" true true false 50 Text 0 0,First,#,Mobile Zones,MobileZoneName,0,50" #</Process><Process ToolSource="c:\program files\arcgis\pro\Resources\ArcToolbox\toolboxes\Conversion Tools.tbx\FeatureClassToFeatureClass" Date="20210409" Time="112640">FeatureClassToFeatureClass EA4105_MobilesZones_PeaceRiver_Dec2020 D:\EA4105_SiteCMobileTracking\GISData\EA4105_PeaceRiver.gdb EA4105_MobilesZones_PeaceRiver_April2021 # "MobileZone "MobileZone" true true false 4 Long 0 0,First,#,EA4105_MobilesZones_PeaceRiver_Dec2020,MobileZone,-1,-1;MobileZoneName "MobileZoneName" true true false 50 Text 0 0,First,#,EA4105_MobilesZones_PeaceRiver_Dec2020,MobileZoneName,0,50;Shape_Length "Shape_Length" false true true 8 Double 0 0,First,#,EA4105_MobilesZones_PeaceRiver_Dec2020,Shape_Length,-1,-1;Shape_Area "Shape_Area" false true true 8 Double 0 0,First,#,EA4105_MobilesZones_PeaceRiver_Dec2020,Shape_Area,-1,-1" #</Process><Process ToolSource="c:\program files\arcgis\pro\Resources\ArcToolbox\toolboxes\Analysis Tools.tbx\SpatialJoin" Date="20220203" Time="111516">SpatialJoin EA4105_MobilesZones_PeaceRiver_April2021 Golder_PeaceRiver_Tributaries_Dec2020 D:\EA4105_SiteCMobileTracking\InputData\20220203_Zonify_RKM\_EA4105_ZonifyRKM_Feb03.gdb\EA4105_MobilesZones_PeaceRiver_Feb2022 "Join one to one" KEEP_ALL "MobileZone "MobileZone" true true false 4 Long 0 0,First,#,EA4105_MobilesZones_PeaceRiver_April2021,MobileZone,-1,-1;MobileZoneName "MobileZoneName" true true false 50 Text 0 0,First,#,EA4105_MobilesZones_PeaceRiver_April2021,MobileZoneName,0,50;Shape_Length "Shape_Length" false true true 8 Double 0 0,First,#,EA4105_MobilesZones_PeaceRiver_April2021,Shape_Length,-1,-1,Golder_PeaceRiver_Tributaries_Dec2020,Shape_Length,-1,-1;Shape_Area "Shape_Area" false true true 8 Double 0 0,First,#,EA4105_MobilesZones_PeaceRiver_April2021,Shape_Area,-1,-1;StreamName "StreamName" true false false 50 Text 0 0,First,#,Golder_PeaceRiver_Tributaries_Dec2020,StreamName,0,50" "Largest overlap" # #</Process><Process ToolSource="c:\program files\arcgis\pro\Resources\ArcToolbox\toolboxes\Data Management Tools.tbx\DeleteField" Date="20220530" Time="111959">DeleteField EA4105_MobilesZones_PeaceRiver_Feb2022 Join_Count "Delete Fields"</Process><Process ToolSource="c:\program files\arcgis\pro\Resources\ArcToolbox\toolboxes\Data Management Tools.tbx\DeleteField" Date="20220530" Time="112009">DeleteField EA4105_MobilesZones_PeaceRiver_Feb2022 TARGET_FID "Delete Fields"</Process><Process ToolSource="c:\program files\arcgis\pro\Resources\ArcToolbox\toolboxes\Conversion Tools.tbx\ExportFeatures" Date="20220711" Time="110926">ExportFeatures EA4105_MobilesZones_PeaceRiver_Feb2022 D:\EA4105_SiteCMobileTracking\InputData\20220711_Edit_MobileZones\_EA4105_EditMobileZones_July11.gdb\EA4105_MobileZones_PeaceRiver_July2022 # NOT_USE_ALIAS "MobileZone "MobileZone" true true false 4 Long 0 0,First,#,EA4105_MobilesZones_PeaceRiver_Feb2022,MobileZone,-1,-1;MobileZoneName "MobileZoneName" true true false 50 Text 0 0,First,#,EA4105_MobilesZones_PeaceRiver_Feb2022,MobileZoneName,0,50;StreamName "StreamName" true true false 50 Text 0 0,First,#,EA4105_MobilesZones_PeaceRiver_Feb2022,StreamName,0,50;Shape_Length "Shape_Length" false true true 8 Double 0 0,First,#,EA4105_MobilesZones_PeaceRiver_Feb2022,Shape_Length,-1,-1;Shape_Area "Shape_Area" false true true 8 Double 0 0,First,#,EA4105_MobilesZones_PeaceRiver_Feb2022,Shape_Area,-1,-1" #</Process><Process ToolSource="c:\program files\arcgis\pro\Resources\ArcToolbox\Toolboxes\Data Management Tools.tbx\CopyMultiple" Date="20220712" Time="140043">CopyMultiple "D:\EA4105_SiteCMobileTracking\InputData\20220711_Edit_MobileZones\_EA4105_EditMobileZones_July11.gdb\EA4105_Golder_PeaceRiver_Tributaries_July2022 FeatureClass;D:\EA4105_SiteCMobileTracking\InputData\20220711_Edit_MobileZones\_EA4105_EditMobileZones_July11.gdb\EA4105_Golder_PeaceRiver_Tributaries_July2022_RKM FeatureClass;D:\EA4105_SiteCMobileTracking\InputData\20220711_Edit_MobileZones\_EA4105_EditMobileZones_July11.gdb\EA4105_MobileZones_PeaceRiver_July2022 FeatureClass" D:\EA4105_SiteCMobileTracking\GISData\EA4105_PeaceRiver.gdb EA4105_Golder_PeaceRiver_Tributaries_July2022;EA4105_Golder_PeaceRiver_Tributaries_July2022_RKM;EA4105_MobileZones_PeaceRiver_July2022 "EA4105_Golder_PeaceRiver_Tributaries_July2022 FeatureClass EA4105_Golder_PeaceRiver_Tributaries_July2022 #;EA4105_Golder_PeaceRiver_Tributaries_July2022_RKM FeatureClass EA4105_Golder_PeaceRiver_Tributaries_July2022_RKM #;EA4105_MobileZones_PeaceRiver_July2022 FeatureClass EA4105_MobileZones_PeaceRiver_July2022 #"</Process><Process ToolSource="c:\program files\arcgis\pro\Resources\ArcToolbox\Toolboxes\Data Management Tools.tbx\Rename" Date="20220712" Time="140123">Rename D:\EA4105_SiteCMobileTracking\GISData\EA4105_PeaceRiver.gdb\EA4105_MobileZones_PeaceRiver_July2022 D:\EA4105_SiteCMobileTracking\GISData\EA4105_PeaceRiver.gdb\EA4105_July2022_MobileZones_PeaceRiver FeatureClass</Process><Process ToolSource="c:\program files\arcgis\pro\Resources\ArcToolbox\toolboxes\Conversion Tools.tbx\ExportFeatures" Date="20220722" Time="103231">ExportFeatures EA4105_July2022_MobileZones_PeaceRiver D:\EA4105_SiteCMobileTracking\InputData\20220711_Edit_MobileZones\EA4105_July2022_MobileZones_PeaceRiver.shp # NOT_USE_ALIAS "MobileZone "MobileZone" true true false 4 Long 0 0,First,#,EA4105_July2022_MobileZones_PeaceRiver,MobileZone,-1,-1;MobileZoneName "MobileZoneName" true true false 50 Text 0 0,First,#,EA4105_July2022_MobileZones_PeaceRiver,MobileZoneName,0,50;StreamName "StreamName" true true false 50 Text 0 0,First,#,EA4105_July2022_MobileZones_PeaceRiver,StreamName,0,50;Shape_Length "Shape_Length" false true true 8 Double 0 0,First,#,EA4105_July2022_MobileZones_PeaceRiver,Shape_Length,-1,-1;Shape_Area "Shape_Area" false true true 8 Double 0 0,First,#,EA4105_July2022_MobileZones_PeaceRiver,Shape_Area,-1,-1" #</Process></lineage><LayerFile>{"type":"CIMLayerDocument","version":"2.7.0","build":26828,"layers":["CIMPATH=Map/bbaf931270e847b7a5b497e6552bffa2.xml"],"layerDefinitions":[{"type":"CIMFeatureLayer","name":"EA4105_MobilesZones_PeaceRiver_April2021","uRI":"CIMPATH=Map/bbaf931270e847b7a5b497e6552bffa2.xml","sourceModifiedTime":{"type":"TimeInstant"},"useSourceMetadata":true,"description":"EA4105_MobilesZones_PeaceRiver_Dec2020","layerElevation":{"type":"CIMLayerElevationSurface","mapElevationID":"{11D163B5-91BE-451F-A58A-A8E7ADEE36F0}"},"expanded":true,"layerType":"Operational","showLegends":true,"visibility":true,"displayCacheType":"Permanent","maxDisplayCacheAge":5,"showPopups":true,"serviceLayerID":-1,"refreshRate":-1,"refreshRateUnit":"esriTimeUnitsSeconds","blendingMode":"Alpha","autoGenerateFeatureTemplates":true,"featureElevationExpression":"0","featureTable":{"type":"CIMFeatureTable","displayField":"MobileZoneName","editable":true,"dataConnection":{"type":"CIMStandardDataConnection","workspaceConnectionString":"DATABASE=D:\\EA4105_SiteCMobileTracking\\GISData\\EA4105_PeaceRiver.gdb","workspaceFactory":"FileGDB","dataset":"EA4105_MobilesZones_PeaceRiver_April2021","datasetType":"esriDTFeatureClass"},"studyAreaSpatialRel":"esriSpatialRelUndefined","searchOrder":"esriSearchOrderSpatial"},"htmlPopupEnabled":true,"selectable":true,"featureCacheType":"Session","displayFiltersType":"ByScale","featureBlendingMode":"Alpha","labelClasses":[{"type":"CIMLabelClass","expression":"$feature.MobileZone","expressionEngine":"Arcade","featuresToLabel":"AllVisibleFeatures","maplexLabelPlacementProperties":{"type":"CIMMaplexLabelPlacementProperties","featureType":"Polygon","avoidPolygonHoles":true,"canOverrunFeature":true,"canPlaceLabelOutsidePolygon":true,"canRemoveOverlappingLabel":true,"canStackLabel":true,"connectionType":"Unambiguous","constrainOffset":"NoConstraint","contourAlignmentType":"Page","contourLadderType":"Straight","contourMaximumAngle":90,"enableConnection":true,"featureWeight":0,"fontHeightReductionLimit":4,"fontHeightReductionStep":0.5,"fontWidthReductionLimit":90,"fontWidthReductionStep":5,"graticuleAlignmentType":"Straight","keyNumberGroupName":"Default","labelBuffer":15,"labelLargestPolygon":true,"labelPriority":-1,"labelStackingProperties":{"type":"CIMMaplexLabelStackingProperties","stackAlignment":"ChooseBest","maximumNumberOfLines":3,"minimumNumberOfCharsPerLine":3,"maximumNumberOfCharsPerLine":24,"separators":[{"type":"CIMMaplexStackingSeparator","separator":" ","splitAfter":true},{"type":"CIMMaplexStackingSeparator","separator":",","visible":true,"splitAfter":true}]},"lineFeatureType":"General","linePlacementMethod":"OffsetCurvedFromLine","maximumLabelOverrun":80,"maximumLabelOverrunUnit":"Point","minimumFeatureSizeUnit":"Map","multiPartOption":"OneLabelPerPart","offsetAlongLineProperties":{"type":"CIMMaplexOffsetAlongLineProperties","placementMethod":"BestPositionAlongLine","labelAnchorPoint":"CenterOfLabel","distanceUnit":"Percentage","useLineDirection":true},"pointExternalZonePriorities":{"type":"CIMMaplexExternalZonePriorities","aboveLeft":4,"aboveCenter":2,"aboveRight":1,"centerRight":3,"belowRight":5,"belowCenter":7,"belowLeft":8,"centerLeft":6},"pointPlacementMethod":"AroundPoint","polygonAnchorPointType":"GeometricCenter","polygonBoundaryWeight":0,"polygonExternalZones":{"type":"CIMMaplexExternalZonePriorities","aboveLeft":4,"aboveCenter":2,"aboveRight":1,"centerRight":3,"belowRight":5,"belowCenter":7,"belowLeft":8,"centerLeft":6},"polygonFeatureType":"General","polygonInternalZones":{"type":"CIMMaplexInternalZonePriorities","center":1},"polygonPlacementMethod":"HorizontalInPolygon","primaryOffset":1,"primaryOffsetUnit":"Point","removeExtraWhiteSpace":true,"repetitionIntervalUnit":"Map","rotationProperties":{"type":"CIMMaplexRotationProperties","rotationType":"Arithmetic","alignmentType":"Straight"},"secondaryOffset":100,"strategyPriorities":{"type":"CIMMaplexStrategyPriorities","stacking":1,"overrun":2,"fontCompression":3,"fontReduction":4,"abbreviation":5},"thinningDistanceUnit":"Point","truncationMarkerCharacter":".","truncationMinimumLength":1,"truncationPreferredCharacters":"aeiou","polygonAnchorPointPerimeterInsetUnit":"Point"},"name":"Class 1","priority":-1,"standardLabelPlacementProperties":{"type":"CIMStandardLabelPlacementProperties","featureType":"Line","featureWeight":"None","labelWeight":"High","numLabelsOption":"OneLabelPerName","lineLabelPosition":{"type":"CIMStandardLineLabelPosition","above":true,"inLine":true,"parallel":true},"lineLabelPriorities":{"type":"CIMStandardLineLabelPriorities","aboveStart":3,"aboveAlong":3,"aboveEnd":3,"centerStart":3,"centerAlong":3,"centerEnd":3,"belowStart":3,"belowAlong":3,"belowEnd":3},"pointPlacementMethod":"AroundPoint","pointPlacementPriorities":{"type":"CIMStandardPointPlacementPriorities","aboveLeft":2,"aboveCenter":2,"aboveRight":1,"centerLeft":3,"centerRight":2,"belowLeft":3,"belowCenter":3,"belowRight":2},"rotationType":"Arithmetic","polygonPlacementMethod":"AlwaysHorizontal"},"textSymbol":{"type":"CIMSymbolReference","symbol":{"type":"CIMTextSymbol","blockProgression":"TTB","depth3D":1,"extrapolateBaselines":true,"fontEffects":"Normal","fontEncoding":"Unicode","fontFamilyName":"Archivo Medium","fontStyleName":"Regular","fontType":"TTOpenType","haloSize":1,"height":14,"hinting":"Default","horizontalAlignment":"Left","kerning":true,"letterWidth":100,"ligatures":true,"lineGapType":"ExtraLeading","symbol":{"type":"CIMPolygonSymbol","symbolLayers":[{"type":"CIMSolidFill","enable":true,"color":{"type":"CIMRGBColor","values":[115,0,0,100]}}]},"textCase":"Normal","textDirection":"LTR","verticalAlignment":"Bottom","verticalGlyphOrientation":"Right","wordSpacing":100,"billboardMode3D":"FaceNearPlane"}},"useCodedValue":true,"visibility":true,"iD":-1}],"labelVisibility":true,"renderer":{"type":"CIMSimpleRenderer","patch":"Default","symbol":{"type":"CIMSymbolReference","symbol":{"type":"CIMPolygonSymbol","symbolLayers":[{"type":"CIMSolidStroke","enable":true,"capStyle":"Round","joinStyle":"Round","lineStyle3D":"Strip","miterLimit":10,"width":2,"color":{"type":"CIMRGBColor","values":[255,0,0,100]}},{"type":"CIMSolidFill","enable":true,"color":{"type":"CIMRGBColor","values":[255,190,190,20]}}]}}},"scaleSymbols":true,"snappable":true}]}</LayerFile></DataProperties><ArcGISFormat>1.0</ArcGISFormat></Esri><idinfo><native Sync="TRUE">Microsoft Windows 2000 Version 5.0 (Build 2195) Service Pack 4; ESRI ArcCatalog 9.2.6.1500</native><descript><langdata Sync="TRUE">en</langdata><abstract>REQUIRED: A brief narrative summary of the data set.</abstract><purpose>REQUIRED: A summary of the intentions with which the data set was developed.</purpose></descript><citation><citeinfo><origin>REQUIRED: The name of an organization or individual that developed the data set.</origin><pubdate>REQUIRED: The date when the data set is published or otherwise made available for release.</pubdate><title Sync="TRUE">WHSE_BASEMAPPING.FWA_NAMED_WATERSHEDS_POLY</title><ftname Sync="TRUE">WHSE_BASEMAPPING.FWA_NAMED_WATERSHEDS_POLY</ftname><geoform Sync="TRUE">vector digital data</geoform><onlink Sync="TRUE">Server=slkux1.env.gov.bc.ca; Service=idwprod1; User=whse_basemapping; Version=SDE.DEFAULT</onlink></citeinfo></citation><timeperd><current>REQUIRED: The basis on which the time period of content information is determined.</current><timeinfo><sngdate><caldate>REQUIRED: The year (and optionally month, or month and day) for which the data set corresponds to the ground.</caldate></sngdate></timeinfo></timeperd><status><progress>REQUIRED: The state of the data set.</progress><update>REQUIRED: The frequency with which changes and additions are made to the data set after the initial data set is completed.</update></status><spdom><bounding><westbc Sync="TRUE">-140.579964</westbc><eastbc Sync="TRUE">-109.658218</eastbc><northbc Sync="TRUE">61.184641</northbc><southbc Sync="TRUE">47.033064</southbc></bounding><lboundng><leftbc Sync="TRUE">200000.000000</leftbc><rightbc Sync="TRUE">1900000.000000</rightbc><bottombc Sync="TRUE">300000.000000</bottombc><topbc Sync="TRUE">1800000.000000</topbc></lboundng></spdom><keywords><theme><themekt>REQUIRED: Reference to a formally registered thesaurus or a similar authoritative source of theme keywords.</themekt><themekey>REQUIRED: Common-use word or phrase used to describe the subject of the data set.</themekey></theme></keywords><accconst>REQUIRED: Restrictions and legal prerequisites for accessing the data set.</accconst><useconst>REQUIRED: Restrictions and legal prerequisites for using the data set after access is granted.</useconst><natvform Sync="TRUE">SDE Feature Class</natvform></idinfo><dataIdInfo><envirDesc Sync="TRUE">Microsoft Windows 10 Version 10.0 (Build 22000) ; Esri ArcGIS 13.0.0.36056</envirDesc><dataLang><languageCode Sync="TRUE" value="eng"></languageCode><countryCode value="CAN" Sync="TRUE"></countryCode></dataLang><idCitation><resTitle Sync="TRUE">EA4105_July2022_MobileZones_PeaceRiver</resTitle><presForm><PresFormCd Sync="TRUE" value="005"></PresFormCd></presForm></idCitation><spatRpType><SpatRepTypCd Sync="TRUE" value="001"></SpatRepTypCd></spatRpType><dataExt><geoEle><GeoBndBox esriExtentType="native"><westBL Sync="TRUE">200000</westBL><eastBL Sync="TRUE">1900000</eastBL><northBL Sync="TRUE">1800000</northBL><southBL Sync="TRUE">300000</southBL><exTypeCode Sync="TRUE">1</exTypeCode></GeoBndBox></geoEle></dataExt><geoBox esriExtentType="decdegrees"><westBL Sync="TRUE">-140.579964</westBL><eastBL Sync="TRUE">-109.658218</eastBL><northBL Sync="TRUE">61.184641</northBL><southBL Sync="TRUE">47.033064</southBL><exTypeCode Sync="TRUE">1</exTypeCode></geoBox></dataIdInfo><metainfo><langmeta Sync="TRUE">en</langmeta><metstdn Sync="TRUE">FGDC Content Standards for Digital Geospatial Metadata</metstdn><metstdv Sync="TRUE">FGDC-STD-001-1998</metstdv><mettc Sync="TRUE">local time</mettc><metc><cntinfo><cntorgp><cntper>REQUIRED: The person responsible for the metadata information.</cntper><cntorg>REQUIRED: The organization responsible for the metadata information.</cntorg></cntorgp><cntaddr><addrtype>REQUIRED: The mailing and/or physical address for the organization or individual.</addrtype><city>REQUIRED: The city of the address.</city><state>REQUIRED: The state or province of the address.</state><postal>REQUIRED: The ZIP or other postal code of the address.</postal></cntaddr><cntvoice>REQUIRED: The telephone number by which individuals can speak to the organization or individual.</cntvoice></cntinfo></metc><metd Sync="TRUE">20090721</metd></metainfo><mdLang><languageCode Sync="TRUE" value="eng"></languageCode><countryCode value="CAN" Sync="TRUE"></countryCode></mdLang><mdStanName Sync="TRUE">ISO 19115 Geographic Information - Metadata</mdStanName><mdStanVer Sync="TRUE">DIS_ESRI1.0</mdStanVer><mdChar><CharSetCd Sync="TRUE" value="004"></CharSetCd></mdChar><mdHrLv><ScopeCd Sync="TRUE" value="005"></ScopeCd></mdHrLv><mdHrLvName Sync="TRUE">dataset</mdHrLvName><distinfo><resdesc Sync="TRUE">Downloadable Data</resdesc></distinfo><distInfo><distributor><distorTran><onLineSrc><orDesc Sync="TRUE">002</orDesc><linkage Sync="TRUE">Server=slkux1.env.gov.bc.ca; Service=idwprod1; User=whse_basemapping; Version=SDE.DEFAULT</linkage><protocol Sync="TRUE">ArcSDE Connection</protocol></onLineSrc></distorTran><distorFormat><formatName Sync="TRUE">SDE Feature Class</formatName></distorFormat></distributor><distFormat><formatName Sync="TRUE">Shapefile</formatName></distFormat><distTranOps><transSize Sync="TRUE">0.000</transSize></distTranOps></distInfo><spdoinfo><direct Sync="TRUE">Vector</direct><ptvctinf><esriterm Name="EA4105_July2022_MobileZones_PeaceRiver"><efeatyp Sync="TRUE">Simple</efeatyp><efeageom code="4" Sync="TRUE"></efeageom><esritopo Sync="TRUE">FALSE</esritopo><efeacnt Sync="TRUE">0</efeacnt><spindex Sync="TRUE">FALSE</spindex><linrefer Sync="TRUE">TRUE</linrefer></esriterm></ptvctinf></spdoinfo><spref><horizsys><cordsysn><geogcsn Sync="TRUE">GCS_North_American_1983</geogcsn><projcsn Sync="TRUE">PCS_Albers</projcsn></cordsysn><planar><planci><plance Sync="TRUE">coordinate pair</plance><plandu Sync="TRUE">meters</plandu><coordrep><absres Sync="TRUE">0.001000</absres><ordres Sync="TRUE">0.001000</ordres></coordrep></planci></planar><geodetic><horizdn Sync="TRUE">North American Datum of 1983</horizdn><ellips Sync="TRUE">Geodetic Reference System 80</ellips><semiaxis Sync="TRUE">6378137.000000</semiaxis><denflat Sync="TRUE">298.257222</denflat></geodetic></horizsys><vertdef><altsys><altenc Sync="TRUE">Explicit elevation coordinate included with horizontal coordinates</altenc><altres Sync="TRUE">0.001000</altres></altsys></vertdef></spref><refSysInfo><RefSystem><refSysID><identCode Sync="TRUE" value="0" code="3005">PCS_Albers</identCode><idCodeSpace Sync="TRUE">EPSG</idCodeSpace><idVersion Sync="TRUE">6.11(9.0.0)</idVersion></refSysID></RefSystem></refSysInfo><spatRepInfo><VectSpatRep><geometObjs Name="EA4105_July2022_MobileZones_PeaceRiver"><geoObjTyp><GeoObjTypCd value="002" Sync="TRUE"></GeoObjTypCd></geoObjTyp><geoObjCnt Sync="TRUE">0</geoObjCnt></geometObjs><topLvl><TopoLevCd value="001" Sync="TRUE"></TopoLevCd></topLvl></VectSpatRep></spatRepInfo><eainfo><detailed Name="EA4105_July2022_MobileZones_PeaceRiver"><enttyp><enttypl Sync="TRUE">EA4105_July2022_MobileZones_PeaceRiver</enttypl><enttypt Sync="TRUE">Feature Class</enttypt><enttypc Sync="TRUE">0</enttypc></enttyp><attr><attrlabl Sync="TRUE">FID</attrlabl><attalias Sync="TRUE">FID</attalias><attrtype Sync="TRUE">OID</attrtype><attwidth Sync="TRUE">4</attwidth><atprecis Sync="TRUE">0</atprecis><attscale Sync="TRUE">0</attscale><attrdef Sync="TRUE">Internal feature number.</attrdef><attrdefs Sync="TRUE">Esri</attrdefs><attrdomv><udom Sync="TRUE">Sequential unique whole numbers that are automatically generated.</udom></attrdomv></attr><attr><attrlabl Sync="TRUE">Shape</attrlabl><attalias Sync="TRUE">Shape</attalias><attrtype Sync="TRUE">Geometry</attrtype><attwidth Sync="TRUE">0</attwidth><atprecis Sync="TRUE">0</atprecis><attscale Sync="TRUE">0</attscale><attrdef Sync="TRUE">Feature geometry.</attrdef><attrdefs Sync="TRUE">Esri</attrdefs><attrdomv><udom Sync="TRUE">Coordinates defining the features.</udom></attrdomv></attr><attr><attrlabl Sync="TRUE">MobileZone</attrlabl><attalias Sync="TRUE">MobileZone</attalias><attrtype Sync="TRUE">Integer</attrtype><attwidth Sync="TRUE">10</attwidth><atprecis Sync="TRUE">10</atprecis><attscale Sync="TRUE">0</attscale></attr><attr><attrlabl Sync="TRUE">MobileZo_1</attrlabl><attalias Sync="TRUE">MobileZo_1</attalias><attrtype Sync="TRUE">String</attrtype><attwidth Sync="TRUE">50</attwidth><atprecis Sync="TRUE">0</atprecis><attscale Sync="TRUE">0</attscale></attr><attr><attrlabl Sync="TRUE">StreamName</attrlabl><attalias Sync="TRUE">StreamName</attalias><attrtype Sync="TRUE">String</attrtype><attwidth Sync="TRUE">50</attwidth><atprecis Sync="TRUE">0</atprecis><attscale Sync="TRUE">0</attscale></attr><attr><attrlabl Sync="TRUE">Shape_Leng</attrlabl><attalias Sync="TRUE">Shape_Leng</attalias><attrtype Sync="TRUE">Double</attrtype><attwidth Sync="TRUE">19</attwidth><atprecis Sync="TRUE">0</atprecis><attscale Sync="TRUE">0</attscale></attr><attr><attrlabl Sync="TRUE">Shape_Area</attrlabl><attalias Sync="TRUE">Shape_Area</attalias><attrtype Sync="TRUE">Double</attrtype><attwidth Sync="TRUE">19</attwidth><atprecis Sync="TRUE">0</atprecis><attscale Sync="TRUE">0</attscale><attrdef Sync="TRUE">Area of feature in internal units squared.</attrdef><attrdefs Sync="TRUE">Esri</attrdefs><attrdomv><udom Sync="TRUE">Positive real numbers that are automatically generated.</udom></attrdomv></attr></detailed></eainfo><mdDateSt Sync="TRUE">20220722</mdDateSt></metadata>
